text,label
Attached is the purchase order for the requested items. Please acknowledge and confirm the delivery timeline.,PO
Please process the attached purchase order at your earliest convenience. Reach out for any clarifications.,PO
Kindly process the attached purchase order and confirm the expected delivery timeline.,PO
We are forwarding the purchase order for the items discussed. Let us know if additional details are required.,PO
We are forwarding the purchase order for the items discussed. Let us know if additional details are required.,PO
Kindly process the attached purchase order and confirm the expected delivery timeline.,PO
Could you please share the updated catalog for this quarter?,Non-PO
I am following up on my earlier query regarding your services. Please let me know if we can schedule a call.,Non-PO
We are placing an order as discussed. Kindly confirm receipt of the attached purchase order.,PO
Here is the purchase order for the requested services. Let us know if there are any discrepancies.,PO
Please find attached the purchase order for our recent agreement. Let us know if you need anything further.,PO
Kindly process the attached purchase order and confirm the expected delivery timeline.,PO
Attached is the purchase order for the requested items. Please acknowledge and confirm the delivery timeline.,PO
We are planning to upgrade our systems. Can you share your latest offerings and pricing details?,Non-PO
Please find attached the purchase order for our recent agreement. Let us know if you need anything further.,PO
Here is the purchase order for the requested services. Let us know if there are any discrepancies.,PO
Please process the attached purchase order at your earliest convenience. Reach out for any clarifications.,PO
Attached is the purchase order for the agreed products. Please confirm receipt and share an estimated delivery date.,PO
Kindly process the attached purchase order and confirm the expected delivery timeline.,PO
Please find attached the purchase order for our recent agreement. Let us know if you need anything further.,PO
This email is to confirm our order. The purchase order is attached for your reference.,PO
Attached is the purchase order for the requested items. Please acknowledge and confirm the delivery timeline.,PO
Do you have any ongoing discounts or promotions that we could benefit from?,Non-PO
Here is the purchase order for the requested services. Let us know if there are any discrepancies.,PO
We are forwarding the purchase order for the items discussed. Let us know if additional details are required.,PO
We are placing an order as discussed. Kindly confirm receipt of the attached purchase order.,PO
We are placing an order as discussed. Kindly confirm receipt of the attached purchase order.,PO
Here is the purchase order for the requested services. Let us know if there are any discrepancies.,PO
We are forwarding the purchase order for the items discussed. Let us know if additional details are required.,PO
Kindly process the attached purchase order and confirm the expected delivery timeline.,PO
We are planning to upgrade our systems. Can you share your latest offerings and pricing details?,Non-PO
Attached is the purchase order for the requested items. Please acknowledge and confirm the delivery timeline.,PO
Please process the attached purchase order at your earliest convenience. Reach out for any clarifications.,PO
Please process the attached purchase order at your earliest convenience. Reach out for any clarifications.,PO
Attached is the purchase order for the agreed products. Please confirm receipt and share an estimated delivery date.,PO
Would you be able to provide a demonstration of your product next week?,Non-PO
Please process the attached purchase order at your earliest convenience. Reach out for any clarifications.,PO
Kindly process the attached purchase order and confirm the expected delivery timeline.,PO
Attached is the purchase order for the requested items. Please acknowledge and confirm the delivery timeline.,PO
Could you please share the updated catalog for this quarter?,Non-PO
Could you please share the updated catalog for this quarter?,Non-PO
We are placing an order as discussed. Kindly confirm receipt of the attached purchase order.,PO
I am following up on my earlier query regarding your services. Please let me know if we can schedule a call.,Non-PO
Kindly process the attached purchase order and confirm the expected delivery timeline.,PO
Please find attached the purchase order for our recent agreement. Let us know if you need anything further.,PO
Would you be able to provide a demonstration of your product next week?,Non-PO
Please process the attached purchase order at your earliest convenience. Reach out for any clarifications.,PO
Attached is the purchase order for the requested items. Please acknowledge and confirm the delivery timeline.,PO
We are placing an order as discussed. Kindly confirm receipt of the attached purchase order.,PO
Please find attached the purchase order for our recent agreement. Let us know if you need anything further.,PO
Kindly process the attached purchase order and confirm the expected delivery timeline.,PO
Please find attached the purchase order for our recent agreement. Let us know if you need anything further.,PO
We need an urgent quote for the items mentioned in the attached document. Kindly prioritize.,Non-PO
Please find attached the purchase order for our recent agreement. Let us know if you need anything further.,PO
Attached is the purchase order for the requested items. Please acknowledge and confirm the delivery timeline.,PO
Please process the attached purchase order at your earliest convenience. Reach out for any clarifications.,PO
Please process the attached purchase order at your earliest convenience. Reach out for any clarifications.,PO
We are forwarding the purchase order for the items discussed. Let us know if additional details are required.,PO
Please find attached the purchase order for our recent agreement. Let us know if you need anything further.,PO
This email is to confirm our order. The purchase order is attached for your reference.,PO
We need an urgent quote for the items mentioned in the attached document. Kindly prioritize.,Non-PO
We are placing an order as discussed. Kindly confirm receipt of the attached purchase order.,PO
Here is the purchase order for the requested services. Let us know if there are any discrepancies.,PO
Would you be able to provide a demonstration of your product next week?,Non-PO
We are interested in your products and would like to know more about the pricing and availability.,Non-PO
Could you please share the updated catalog for this quarter?,Non-PO
We are forwarding the purchase order for the items discussed. Let us know if additional details are required.,PO
Please find attached the purchase order for our recent agreement. Let us know if you need anything further.,PO
We are forwarding the purchase order for the items discussed. Let us know if additional details are required.,PO
Please find attached the purchase order for our recent agreement. Let us know if you need anything further.,PO
Can you confirm the stock availability for the items we discussed last week?,Non-PO
Could you clarify the warranty terms for the products listed in your catalog?,Non-PO
Please process the attached purchase order at your earliest convenience. Reach out for any clarifications.,PO
Attached is the purchase order for the agreed products. Please confirm receipt and share an estimated delivery date.,PO
Could you please share the updated catalog for this quarter?,Non-PO
We are placing an order as discussed. Kindly confirm receipt of the attached purchase order.,PO
Kindly process the attached purchase order and confirm the expected delivery timeline.,PO
Attached is the purchase order for the agreed products. Please confirm receipt and share an estimated delivery date.,PO
Please find attached the purchase order for our recent agreement. Let us know if you need anything further.,PO
Attached is the purchase order for the agreed products. Please confirm receipt and share an estimated delivery date.,PO
We are forwarding the purchase order for the items discussed. Let us know if additional details are required.,PO
Attached is the purchase order for the agreed products. Please confirm receipt and share an estimated delivery date.,PO
Kindly process the attached purchase order and confirm the expected delivery timeline.,PO
We are forwarding the purchase order for the items discussed. Let us know if additional details are required.,PO
Attached is the purchase order for the agreed products. Please confirm receipt and share an estimated delivery date.,PO
Here is the purchase order for the requested services. Let us know if there are any discrepancies.,PO
Here is the purchase order for the requested services. Let us know if there are any discrepancies.,PO
Attached is the purchase order for the agreed products. Please confirm receipt and share an estimated delivery date.,PO
Could you please share the updated catalog for this quarter?,Non-PO
Please process the attached purchase order at your earliest convenience. Reach out for any clarifications.,PO
We are forwarding the purchase order for the items discussed. Let us know if additional details are required.,PO
Kindly process the attached purchase order and confirm the expected delivery timeline.,PO
This email is to confirm our order. The purchase order is attached for your reference.,PO
We are forwarding the purchase order for the items discussed. Let us know if additional details are required.,PO
Here is the purchase order for the requested services. Let us know if there are any discrepancies.,PO
We are planning to upgrade our systems. Can you share your latest offerings and pricing details?,Non-PO
Please process the attached purchase order at your earliest convenience. Reach out for any clarifications.,PO
Kindly process the attached purchase order and confirm the expected delivery timeline.,PO
We would like to proceed with the order as per our agreement. Find the purchase order attached.,PO
Attached is the purchase order for the agreed products. Please confirm receipt and share an estimated delivery date.,PO
I am following up on my earlier query regarding your services. Please let me know if we can schedule a call.,Non-PO
We are forwarding the purchase order for the items discussed. Let us know if additional details are required.,PO
Could you please share the updated catalog for this quarter?,Non-PO
Kindly process the attached purchase order and confirm the expected delivery timeline.,PO
Do you have any ongoing discounts or promotions that we could benefit from?,Non-PO
Attached is the purchase order for the agreed products. Please confirm receipt and share an estimated delivery date.,PO
Here is the purchase order for the requested services. Let us know if there are any discrepancies.,PO
This email is to confirm our order. The purchase order is attached for your reference.,PO
We need an urgent quote for the items mentioned in the attached document. Kindly prioritize.,Non-PO
We would like to proceed with the order as per our agreement. Find the purchase order attached.,PO
I am following up on my earlier query regarding your services. Please let me know if we can schedule a call.,Non-PO
We are forwarding the purchase order for the items discussed. Let us know if additional details are required.,PO
Kindly process the attached purchase order and confirm the expected delivery timeline.,PO
This email is to confirm our order. The purchase order is attached for your reference.,PO
Attached is the purchase order for the agreed products. Please confirm receipt and share an estimated delivery date.,PO
Do you have any ongoing discounts or promotions that we could benefit from?,Non-PO
Please let us know the status of our previous order. We haven’t received a confirmation yet.,Non-PO
We are forwarding the purchase order for the items discussed. Let us know if additional details are required.,PO
We are placing an order as discussed. Kindly confirm receipt of the attached purchase order.,PO
This email is to confirm our order. The purchase order is attached for your reference.,PO
Here is the purchase order for the requested services. Let us know if there are any discrepancies.,PO
Please process the attached purchase order at your earliest convenience. Reach out for any clarifications.,PO
We would like to proceed with the order as per our agreement. Find the purchase order attached.,PO
Attached is the purchase order for the agreed products. Please confirm receipt and share an estimated delivery date.,PO
Please process the attached purchase order at your earliest convenience. Reach out for any clarifications.,PO
Attached is the purchase order for the requested items. Please acknowledge and confirm the delivery timeline.,PO
Please find attached the purchase order for our recent agreement. Let us know if you need anything further.,PO
Could you please share the updated catalog for this quarter?,Non-PO
Attached is the purchase order for the requested items. Please acknowledge and confirm the delivery timeline.,PO
I am following up on my earlier query regarding your services. Please let me know if we can schedule a call.,Non-PO
Here is the purchase order for the requested services. Let us know if there are any discrepancies.,PO
Here is the purchase order for the requested services. Let us know if there are any discrepancies.,PO
We are forwarding the purchase order for the items discussed. Let us know if additional details are required.,PO
Attached is the purchase order for the requested items. Please acknowledge and confirm the delivery timeline.,PO
Here is the purchase order for the requested services. Let us know if there are any discrepancies.,PO
We would like to proceed with the order as per our agreement. Find the purchase order attached.,PO
We would like to proceed with the order as per our agreement. Find the purchase order attached.,PO
Could you clarify the warranty terms for the products listed in your catalog?,Non-PO
Kindly process the attached purchase order and confirm the expected delivery timeline.,PO
Please find attached the purchase order for our recent agreement. Let us know if you need anything further.,PO
Kindly process the attached purchase order and confirm the expected delivery timeline.,PO
Please let us know the status of our previous order. We haven’t received a confirmation yet.,Non-PO
We are forwarding the purchase order for the items discussed. Let us know if additional details are required.,PO
Please process the attached purchase order at your earliest convenience. Reach out for any clarifications.,PO
We would like to proceed with the order as per our agreement. Find the purchase order attached.,PO
We are placing an order as discussed. Kindly confirm receipt of the attached purchase order.,PO
Attached is the purchase order for the requested items. Please acknowledge and confirm the delivery timeline.,PO
Please find attached the purchase order for our recent agreement. Let us know if you need anything further.,PO
Kindly process the attached purchase order and confirm the expected delivery timeline.,PO
We are planning to upgrade our systems. Can you share your latest offerings and pricing details?,Non-PO
We are forwarding the purchase order for the items discussed. Let us know if additional details are required.,PO
Would you be able to provide a demonstration of your product next week?,Non-PO
Could you please share the updated catalog for this quarter?,Non-PO
We are forwarding the purchase order for the items discussed. Let us know if additional details are required.,PO
Attached is the purchase order for the agreed products. Please confirm receipt and share an estimated delivery date.,PO
We are placing an order as discussed. Kindly confirm receipt of the attached purchase order.,PO
Can you confirm the stock availability for the items we discussed last week?,Non-PO
Do you have any ongoing discounts or promotions that we could benefit from?,Non-PO
Kindly process the attached purchase order and confirm the expected delivery timeline.,PO
Attached is the purchase order for the requested items. Please acknowledge and confirm the delivery timeline.,PO
We would like to proceed with the order as per our agreement. Find the purchase order attached.,PO
Kindly process the attached purchase order and confirm the expected delivery timeline.,PO
We would like to proceed with the order as per our agreement. Find the purchase order attached.,PO
We are placing an order as discussed. Kindly confirm receipt of the attached purchase order.,PO
Attached is the purchase order for the agreed products. Please confirm receipt and share an estimated delivery date.,PO
We are placing an order as discussed. Kindly confirm receipt of the attached purchase order.,PO
Kindly process the attached purchase order and confirm the expected delivery timeline.,PO
Here is the purchase order for the requested services. Let us know if there are any discrepancies.,PO
Please process the attached purchase order at your earliest convenience. Reach out for any clarifications.,PO
Attached is the purchase order for the requested items. Please acknowledge and confirm the delivery timeline.,PO
We are placing an order as discussed. Kindly confirm receipt of the attached purchase order.,PO
Please find attached the purchase order for our recent agreement. Let us know if you need anything further.,PO
Attached is the purchase order for the agreed products. Please confirm receipt and share an estimated delivery date.,PO
Here is the purchase order for the requested services. Let us know if there are any discrepancies.,PO
We would like to proceed with the order as per our agreement. Find the purchase order attached.,PO
Kindly process the attached purchase order and confirm the expected delivery timeline.,PO
I am following up on my earlier query regarding your services. Please let me know if we can schedule a call.,Non-PO
Attached is the purchase order for the agreed products. Please confirm receipt and share an estimated delivery date.,PO
Please let us know the status of our previous order. We haven’t received a confirmation yet.,Non-PO
Please process the attached purchase order at your earliest convenience. Reach out for any clarifications.,PO
Please find attached the purchase order for our recent agreement. Let us know if you need anything further.,PO
We are planning to upgrade our systems. Can you share your latest offerings and pricing details?,Non-PO
We would like to proceed with the order as per our agreement. Find the purchase order attached.,PO
This email is to confirm our order. The purchase order is attached for your reference.,PO
We are forwarding the purchase order for the items discussed. Let us know if additional details are required.,PO
Please find attached the purchase order for our recent agreement. Let us know if you need anything further.,PO
We are forwarding the purchase order for the items discussed. Let us know if additional details are required.,PO
We would like to proceed with the order as per our agreement. Find the purchase order attached.,PO
Please process the attached purchase order at your earliest convenience. Reach out for any clarifications.,PO
Please let us know the status of our previous order. We haven’t received a confirmation yet.,Non-PO
Please find attached the purchase order for our recent agreement. Let us know if you need anything further.,PO
I am following up on my earlier query regarding your services. Please let me know if we can schedule a call.,Non-PO
We are forwarding the purchase order for the items discussed. Let us know if additional details are required.,PO
We are forwarding the purchase order for the items discussed. Let us know if additional details are required.,PO
Please find attached the purchase order for our recent agreement. Let us know if you need anything further.,PO
We are placing an order as discussed. Kindly confirm receipt of the attached purchase order.,PO
We are interested in your products and would like to know more about the pricing and availability.,Non-PO
We would like to proceed with the order as per our agreement. Find the purchase order attached.,PO
This email is to confirm our order. The purchase order is attached for your reference.,PO
Attached is the purchase order for the agreed products. Please confirm receipt and share an estimated delivery date.,PO
We are planning to upgrade our systems. Can you share your latest offerings and pricing details?,Non-PO
Kindly process the attached purchase order and confirm the expected delivery timeline.,PO
We are interested in your products and would like to know more about the pricing and availability.,Non-PO
Kindly process the attached purchase order and confirm the expected delivery timeline.,PO
This email is to confirm our order. The purchase order is attached for your reference.,PO
We need an urgent quote for the items mentioned in the attached document. Kindly prioritize.,Non-PO
Kindly process the attached purchase order and confirm the expected delivery timeline.,PO
I am following up on my earlier query regarding your services. Please let me know if we can schedule a call.,Non-PO
Kindly process the attached purchase order and confirm the expected delivery timeline.,PO
Please let us know the status of our previous order. We haven’t received a confirmation yet.,Non-PO
We are forwarding the purchase order for the items discussed. Let us know if additional details are required.,PO
We are placing an order as discussed. Kindly confirm receipt of the attached purchase order.,PO
Please process the attached purchase order at your earliest convenience. Reach out for any clarifications.,PO
Kindly process the attached purchase order and confirm the expected delivery timeline.,PO
Please find attached the purchase order for our recent agreement. Let us know if you need anything further.,PO
We are interested in your products and would like to know more about the pricing and availability.,Non-PO
Please process the attached purchase order at your earliest convenience. Reach out for any clarifications.,PO
We are placing an order as discussed. Kindly confirm receipt of the attached purchase order.,PO
Could you clarify the warranty terms for the products listed in your catalog?,Non-PO
We would like to proceed with the order as per our agreement. Find the purchase order attached.,PO
Please find attached the purchase order for our recent agreement. Let us know if you need anything further.,PO
We are forwarding the purchase order for the items discussed. Let us know if additional details are required.,PO
Here is the purchase order for the requested services. Let us know if there are any discrepancies.,PO
Please process the attached purchase order at your earliest convenience. Reach out for any clarifications.,PO
We are placing an order as discussed. Kindly confirm receipt of the attached purchase order.,PO
Here is the purchase order for the requested services. Let us know if there are any discrepancies.,PO
This email is to confirm our order. The purchase order is attached for your reference.,PO
This email is to confirm our order. The purchase order is attached for your reference.,PO
Please process the attached purchase order at your earliest convenience. Reach out for any clarifications.,PO
We are placing an order as discussed. Kindly confirm receipt of the attached purchase order.,PO
This email is to confirm our order. The purchase order is attached for your reference.,PO
We would like to proceed with the order as per our agreement. Find the purchase order attached.,PO
Kindly process the attached purchase order and confirm the expected delivery timeline.,PO
We need an urgent quote for the items mentioned in the attached document. Kindly prioritize.,Non-PO
Please find attached the purchase order for our recent agreement. Let us know if you need anything further.,PO
Please process the attached purchase order at your earliest convenience. Reach out for any clarifications.,PO
Attached is the purchase order for the requested items. Please acknowledge and confirm the delivery timeline.,PO
Please find attached the purchase order for our recent agreement. Let us know if you need anything further.,PO
Here is the purchase order for the requested services. Let us know if there are any discrepancies.,PO
Attached is the purchase order for the agreed products. Please confirm receipt and share an estimated delivery date.,PO
Attached is the purchase order for the requested items. Please acknowledge and confirm the delivery timeline.,PO
Kindly process the attached purchase order and confirm the expected delivery timeline.,PO
Here is the purchase order for the requested services. Let us know if there are any discrepancies.,PO
Kindly process the attached purchase order and confirm the expected delivery timeline.,PO
This email is to confirm our order. The purchase order is attached for your reference.,PO
Attached is the purchase order for the agreed products. Please confirm receipt and share an estimated delivery date.,PO
Attached is the purchase order for the agreed products. Please confirm receipt and share an estimated delivery date.,PO
We would like to proceed with the order as per our agreement. Find the purchase order attached.,PO
We are forwarding the purchase order for the items discussed. Let us know if additional details are required.,PO
We are placing an order as discussed. Kindly confirm receipt of the attached purchase order.,PO
,
"To Whom It May Concern,

Attached you will find our official purchase order (1# 3343). Kindly acknowledge receipt and confirm the expected delivery timeline.

Regards,
[Your Name]",PO
"Dear [Supplier],

Attached is our purchase order (1# 4667) for the items listed below. Please confirm receipt and provide a delivery schedule at your earliest convenience.

Best regards,
[Your Name]",PO
"Dear [Supplier],

We would like to proceed with an order as per 1# 2265, attached herewith. Please confirm the availability of the listed items and expected shipment details.

Thank you.
[Your Name]",PO
"To Whom It May Concern,

Attached you will find our official purchase order (1# 8003). Kindly acknowledge receipt and confirm the expected delivery timeline.

Regards,
[Your Name]",PO
"Dear [Supplier],

We would like to proceed with an order as per 1# 9750, attached herewith. Please confirm the availability of the listed items and expected shipment details.

Thank you.
[Your Name]",PO
"Dear [Supplier],

We would like to proceed with an order as per 1# 8352, attached herewith. Please confirm the availability of the listed items and expected shipment details.

Thank you.
[Your Name]",PO
"Hi [Sales Team],

Please process the attached purchase order (1# 4891) for the items and quantities specified. Let us know if you need further details.

Best regards,
[Your Name]",PO
"Dear [Supplier],

Attached is our purchase order (1# 7720) for the items listed below. Please confirm receipt and provide a delivery schedule at your earliest convenience.

Best regards,
[Your Name]",PO
"Hi [Vendor],

This email includes our purchase order (1# 6230) for your reference. Kindly confirm acceptance and update us with the shipping details.

Looking forward to your confirmation.
Best regards,
[Your Name]",PO
"Hello [Vendor],

We are placing an order for the following items as outlined in the attached purchase order (1# 9437). Kindly confirm receipt and share a delivery timeline.

Thank you.
[Your Name]",PO
"Hi [Vendor],

This email includes our purchase order (1# 7497) for your reference. Kindly confirm acceptance and update us with the shipping details.

Looking forward to your confirmation.
Best regards,
[Your Name]",PO
"Hello [Vendor],

We are placing an order for the following items as outlined in the attached purchase order (1# 9319). Kindly confirm receipt and share a delivery timeline.

Thank you.
[Your Name]",PO
"Hi [Vendor],

This email includes our purchase order (1# 2786) for your reference. Kindly confirm acceptance and update us with the shipping details.

Looking forward to your confirmation.
Best regards,
[Your Name]",PO
"To Whom It May Concern,

Attached you will find our official purchase order (1# 7640). Kindly acknowledge receipt and confirm the expected delivery timeline.

Regards,
[Your Name]",PO
"Dear [Supplier],

We would like to proceed with an order as per 1# 5887, attached herewith. Please confirm the availability of the listed items and expected shipment details.

Thank you.
[Your Name]",PO
"Dear [Supplier],

Attached is our purchase order (1# 7682) for the items listed below. Please confirm receipt and provide a delivery schedule at your earliest convenience.

Best regards,
[Your Name]",PO
"Dear [Supplier],

We would like to proceed with an order as per 1# 5335, attached herewith. Please confirm the availability of the listed items and expected shipment details.

Thank you.
[Your Name]",PO
"Hello [Vendor],

We are placing an order for the following items as outlined in the attached purchase order (1# 8036). Kindly confirm receipt and share a delivery timeline.

Thank you.
[Your Name]",PO
"Dear [Supplier],

Attached is our purchase order (1# 4924) for the items listed below. Please confirm receipt and provide a delivery schedule at your earliest convenience.

Best regards,
[Your Name]",PO
"Hi [Vendor],

This email includes our purchase order (1# 6274) for your reference. Kindly confirm acceptance and update us with the shipping details.

Looking forward to your confirmation.
Best regards,
[Your Name]",PO
"Dear [Supplier],

Attached is our purchase order (1# 4585) for the items listed below. Please confirm receipt and provide a delivery schedule at your earliest convenience.

Best regards,
[Your Name]",PO
"Hello [Vendor],

We are placing an order for the following items as outlined in the attached purchase order (1# 7382). Kindly confirm receipt and share a delivery timeline.

Thank you.
[Your Name]",PO
"To Whom It May Concern,

Attached you will find our official purchase order (1# 7178). Kindly acknowledge receipt and confirm the expected delivery timeline.

Regards,
[Your Name]",PO
"Hello [Vendor],

We are placing an order for the following items as outlined in the attached purchase order (1# 3215). Kindly confirm receipt and share a delivery timeline.

Thank you.
[Your Name]",PO
"Dear [Supplier],

We would like to proceed with an order as per 1# 6383, attached herewith. Please confirm the availability of the listed items and expected shipment details.

Thank you.
[Your Name]",PO
"Hello [Vendor],

We are placing an order for the following items as outlined in the attached purchase order (1# 9274). Kindly confirm receipt and share a delivery timeline.

Thank you.
[Your Name]",PO
"Dear [Supplier],

We would like to proceed with an order as per 1# 5414, attached herewith. Please confirm the availability of the listed items and expected shipment details.

Thank you.
[Your Name]",PO
"Dear [Supplier],

Attached is our purchase order (1# 9164) for the items listed below. Please confirm receipt and provide a delivery schedule at your earliest convenience.

Best regards,
[Your Name]",PO
"Hello [Vendor],

We are placing an order for the following items as outlined in the attached purchase order (1# 8085). Kindly confirm receipt and share a delivery timeline.

Thank you.
[Your Name]",PO
"To Whom It May Concern,

Attached you will find our official purchase order (1# 5961). Kindly acknowledge receipt and confirm the expected delivery timeline.

Regards,
[Your Name]",PO
"Hello [Vendor],

We are placing an order for the following items as outlined in the attached purchase order (1# 9554). Kindly confirm receipt and share a delivery timeline.

Thank you.
[Your Name]",PO
"Dear [Supplier],

Attached is our purchase order (1# 9599) for the items listed below. Please confirm receipt and provide a delivery schedule at your earliest convenience.

Best regards,
[Your Name]",PO
"Hi [Sales Team],

Please process the attached purchase order (1# 1187) for the items and quantities specified. Let us know if you need further details.

Best regards,
[Your Name]",PO
"To Whom It May Concern,

Attached you will find our official purchase order (1# 5409). Kindly acknowledge receipt and confirm the expected delivery timeline.

Regards,
[Your Name]",PO
"To Whom It May Concern,

Attached you will find our official purchase order (1# 7315). Kindly acknowledge receipt and confirm the expected delivery timeline.

Regards,
[Your Name]",PO
"Hi [Vendor],

This email includes our purchase order (1# 9578) for your reference. Kindly confirm acceptance and update us with the shipping details.

Looking forward to your confirmation.
Best regards,
[Your Name]",PO
"Dear [Supplier],

Attached is our purchase order (1# 3653) for the items listed below. Please confirm receipt and provide a delivery schedule at your earliest convenience.

Best regards,
[Your Name]",PO
"Dear [Supplier],

Attached is our purchase order (1# 2192) for the items listed below. Please confirm receipt and provide a delivery schedule at your earliest convenience.

Best regards,
[Your Name]",PO
"Hi [Sales Team],

Please process the attached purchase order (1# 7983) for the items and quantities specified. Let us know if you need further details.

Best regards,
[Your Name]",PO
"Hi [Vendor],

This email includes our purchase order (1# 7676) for your reference. Kindly confirm acceptance and update us with the shipping details.

Looking forward to your confirmation.
Best regards,
[Your Name]",PO
"Hi [Vendor],

This email includes our purchase order (1# 4686) for your reference. Kindly confirm acceptance and update us with the shipping details.

Looking forward to your confirmation.
Best regards,
[Your Name]",PO
"To Whom It May Concern,

Attached you will find our official purchase order (1# 6370). Kindly acknowledge receipt and confirm the expected delivery timeline.

Regards,
[Your Name]",PO
"Hi [Sales Team],

Please process the attached purchase order (1# 4764) for the items and quantities specified. Let us know if you need further details.

Best regards,
[Your Name]",PO
"Hello [Vendor],

We are placing an order for the following items as outlined in the attached purchase order (1# 4279). Kindly confirm receipt and share a delivery timeline.

Thank you.
[Your Name]",PO
"Dear [Supplier],

Attached is our purchase order (1# 1630) for the items listed below. Please confirm receipt and provide a delivery schedule at your earliest convenience.

Best regards,
[Your Name]",PO
"Hello [Vendor],

We are placing an order for the following items as outlined in the attached purchase order (1# 4001). Kindly confirm receipt and share a delivery timeline.

Thank you.
[Your Name]",PO
"Dear [Supplier],

We would like to proceed with an order as per 1# 6622, attached herewith. Please confirm the availability of the listed items and expected shipment details.

Thank you.
[Your Name]",PO
"Dear [Supplier],

Attached is our purchase order (1# 2440) for the items listed below. Please confirm receipt and provide a delivery schedule at your earliest convenience.

Best regards,
[Your Name]",PO
"Hello [Vendor],

We are placing an order for the following items as outlined in the attached purchase order (1# 9674). Kindly confirm receipt and share a delivery timeline.

Thank you.
[Your Name]",PO
"Hi [Vendor],

This email includes our purchase order (1# 1983) for your reference. Kindly confirm acceptance and update us with the shipping details.

Looking forward to your confirmation.
Best regards,
[Your Name]",PO
"Hello [Vendor],

We are placing an order for the following items as outlined in the attached purchase order (1# 3936). Kindly confirm receipt and share a delivery timeline.

Thank you.
[Your Name]",PO
"Dear [Supplier],

We would like to proceed with an order as per 1# 5918, attached herewith. Please confirm the availability of the listed items and expected shipment details.

Thank you.
[Your Name]",PO
"Hi [Vendor],

This email includes our purchase order (1# 8753) for your reference. Kindly confirm acceptance and update us with the shipping details.

Looking forward to your confirmation.
Best regards,
[Your Name]",PO
"Dear [Supplier],

We would like to proceed with an order as per 1# 5026, attached herewith. Please confirm the availability of the listed items and expected shipment details.

Thank you.
[Your Name]",PO
"Hello [Vendor],

We are placing an order for the following items as outlined in the attached purchase order (1# 8205). Kindly confirm receipt and share a delivery timeline.

Thank you.
[Your Name]",PO
"Hello [Vendor],

We are placing an order for the following items as outlined in the attached purchase order (1# 8233). Kindly confirm receipt and share a delivery timeline.

Thank you.
[Your Name]",PO
"Hi [Vendor],

This email includes our purchase order (1# 1041) for your reference. Kindly confirm acceptance and update us with the shipping details.

Looking forward to your confirmation.
Best regards,
[Your Name]",PO
"Dear [Supplier],

We would like to proceed with an order as per 1# 8722, attached herewith. Please confirm the availability of the listed items and expected shipment details.

Thank you.
[Your Name]",PO
"Hi [Vendor],

This email includes our purchase order (1# 2430) for your reference. Kindly confirm acceptance and update us with the shipping details.

Looking forward to your confirmation.
Best regards,
[Your Name]",PO
"Dear [Supplier],

Attached is our purchase order (1# 1590) for the items listed below. Please confirm receipt and provide a delivery schedule at your earliest convenience.

Best regards,
[Your Name]",PO
"Dear [Supplier],

We're planning a procurement of industrial tools. Could you suggest options suitable for high-load operations?

Regards,
[Your Name]",Non-PO
"Hello [Sup1rt],

We have received your invoice but need clarification on certain charges. Could you assist?

Thanks,
[Your Name]",Non-PO
"Hello [Customer Service],

Can you clarify the warranty details for Product XYZ? We're evaluating it for bulk purchase.

Thanks,
[Your Name]",Non-PO
"Hi [Team],

Could you send the updated product catalog? We're considering options for a future purchase.

Best,
[Your Name]",Non-PO
"Hello [Sup1rt],

We have received your invoice but need clarification on certain charges. Could you assist?

Thanks,
[Your Name]",Non-PO
"Dear [Supplier],

Could you provide the estimated cost and lead time for 100 units of Item ABC?

Best regards,
[Your Name]",Non-PO
"Dear [Supplier],

We're planning a procurement of industrial tools. Could you suggest options suitable for high-load operations?

Regards,
[Your Name]",Non-PO
"Dear [Supplier],

We're planning a procurement of industrial tools. Could you suggest options suitable for high-load operations?

Regards,
[Your Name]",Non-PO
"Dear [Supplier],

Could you provide the estimated cost and lead time for 100 units of Item ABC?

Best regards,
[Your Name]",Non-PO
"Hi [Sales Team],

Please share your latest pricing list. We're interested in Item X and Item Y.

Best,
[Your Name]",Non-PO
"Hi [Team],

Could you send the updated product catalog? We're considering options for a future purchase.

Best,
[Your Name]",Non-PO
"Dear [Supplier],

We're planning a procurement of industrial tools. Could you suggest options suitable for high-load operations?

Regards,
[Your Name]",Non-PO
"Hello [Customer Service],

Can you clarify the warranty details for Product XYZ? We're evaluating it for bulk purchase.

Thanks,
[Your Name]",Non-PO
"Hello [Customer Service],

Can you clarify the warranty details for Product XYZ? We're evaluating it for bulk purchase.

Thanks,
[Your Name]",Non-PO
"Hi [Sales Team],

Please share your latest pricing list. We're interested in Item X and Item Y.

Best,
[Your Name]",Non-PO
"Dear [Supplier],

Could you provide the estimated cost and lead time for 100 units of Item ABC?

Best regards,
[Your Name]",Non-PO
"Dear [Supplier],

We're planning a procurement of industrial tools. Could you suggest options suitable for high-load operations?

Regards,
[Your Name]",Non-PO
"Hi [Team],

Could you send the updated product catalog? We're considering options for a future purchase.

Best,
[Your Name]",Non-PO
"Dear [Supplier],

Could you provide the estimated cost and lead time for 100 units of Item ABC?

Best regards,
[Your Name]",Non-PO
"Dear [Supplier],

Could you provide the estimated cost and lead time for 100 units of Item ABC?

Best regards,
[Your Name]",Non-PO
"Dear [Supplier],

We're planning a procurement of industrial tools. Could you suggest options suitable for high-load operations?

Regards,
[Your Name]",Non-PO
"Hello [Sup1rt],

We have received your invoice but need clarification on certain charges. Could you assist?

Thanks,
[Your Name]",Non-PO
"Dear [Supplier],

We're planning a procurement of industrial tools. Could you suggest options suitable for high-load operations?

Regards,
[Your Name]",Non-PO
"Hi [Team],

Could you send the updated product catalog? We're considering options for a future purchase.

Best,
[Your Name]",Non-PO
"Hi [Sales Team],

Please share your latest pricing list. We're interested in Item X and Item Y.

Best,
[Your Name]",Non-PO
"Hi [Sales Team],

Please share your latest pricing list. We're interested in Item X and Item Y.

Best,
[Your Name]",Non-PO
"Hello [Customer Service],

Can you clarify the warranty details for Product XYZ? We're evaluating it for bulk purchase.

Thanks,
[Your Name]",Non-PO
"Dear [Supplier],

Could you provide the estimated cost and lead time for 100 units of Item ABC?

Best regards,
[Your Name]",Non-PO
"Dear [Supplier],

We're planning a procurement of industrial tools. Could you suggest options suitable for high-load operations?

Regards,
[Your Name]",Non-PO
"Hello [Customer Service],

Can you clarify the warranty details for Product XYZ? We're evaluating it for bulk purchase.

Thanks,
[Your Name]",Non-PO
"Dear [Supplier],

We're planning a procurement of industrial tools. Could you suggest options suitable for high-load operations?

Regards,
[Your Name]",Non-PO
"Dear [Supplier],

Could you provide the estimated cost and lead time for 100 units of Item ABC?

Best regards,
[Your Name]",Non-PO
"Hi [Team],

Could you send the updated product catalog? We're considering options for a future purchase.

Best,
[Your Name]",Non-PO
"Hi [Sales Team],

Please share your latest pricing list. We're interested in Item X and Item Y.

Best,
[Your Name]",Non-PO
"Hello [Customer Service],

Can you clarify the warranty details for Product XYZ? We're evaluating it for bulk purchase.

Thanks,
[Your Name]",Non-PO
"Hi [Sales Team],

Please share your latest pricing list. We're interested in Item X and Item Y.

Best,
[Your Name]",Non-PO
"Hi [Sales Team],

Please share your latest pricing list. We're interested in Item X and Item Y.

Best,
[Your Name]",Non-PO
"Dear [Supplier],

We're planning a procurement of industrial tools. Could you suggest options suitable for high-load operations?

Regards,
[Your Name]",Non-PO
"Dear [Supplier],

Could you provide the estimated cost and lead time for 100 units of Item ABC?

Best regards,
[Your Name]",Non-PO
"Dear [Supplier],

Could you provide the estimated cost and lead time for 100 units of Item ABC?

Best regards,
[Your Name]",Non-PO
,
"Hello [Vendor],

We are placing an order for the following items as outlined in the attached purchase order (1# 1774). Kindly confirm receipt and share a delivery timeline.

Thank you.
[Your Name]",PO
"Dear [Supplier],

We would like to proceed with an order as per 1# 2813, attached herewith. Please confirm the availability of the listed items and expected shipment details.

Thank you.
[Your Name]",PO
"Dear [Supplier],

We would like to proceed with an order as per 1# 2133, attached herewith. Please confirm the availability of the listed items and expected shipment details.

Thank you.
[Your Name]",PO
"Dear [Supplier],

We would like to proceed with an order as per 1# 4698, attached herewith. Please confirm the availability of the listed items and expected shipment details.

Thank you.
[Your Name]",PO
"Dear [Supplier],

Attached is our purchase order (1# 1384) for the items listed below. Please confirm receipt and provide a delivery schedule at your earliest convenience.

Best regards,
[Your Name]",PO
"To Whom It May Concern,

Attached you will find our official purchase order (1# 6646). Kindly acknowledge receipt and confirm the expected delivery timeline.

Regards,
[Your Name]",PO
"Hello [Vendor],

We are placing an order for the following items as outlined in the attached purchase order (1# 7479). Kindly confirm receipt and share a delivery timeline.

Thank you.
[Your Name]",PO
"Hi [Vendor],

This email includes our purchase order (1# 7656) for your reference. Kindly confirm acceptance and update us with the shipping details.

Looking forward to your confirmation.
Best regards,
[Your Name]",PO
"Hello [Vendor],

We are placing an order for the following items as outlined in the attached purchase order (1# 3735). Kindly confirm receipt and share a delivery timeline.

Thank you.
[Your Name]",PO
"Dear [Supplier],

We would like to proceed with an order as per 1# 5228, attached herewith. Please confirm the availability of the listed items and expected shipment details.

Thank you.
[Your Name]",PO
"Dear [Supplier],

Attached is our purchase order (1# 8836) for the items listed below. Please confirm receipt and provide a delivery schedule at your earliest convenience.

Best regards,
[Your Name]",PO
"Hi [Sales Team],

Please process the attached purchase order (1# 4830) for the items and quantities specified. Let us know if you need further details.

Best regards,
[Your Name]",PO
"Dear [Supplier],

Attached is our purchase order (1# 5330) for the items listed below. Please confirm receipt and provide a delivery schedule at your earliest convenience.

Best regards,
[Your Name]",PO
"Dear [Supplier],

We would like to proceed with an order as per 1# 2542, attached herewith. Please confirm the availability of the listed items and expected shipment details.

Thank you.
[Your Name]",PO
"Hi [Sales Team],

Please process the attached purchase order (1# 5871) for the items and quantities specified. Let us know if you need further details.

Best regards,
[Your Name]",PO
"Dear [Supplier],

We would like to proceed with an order as per 1# 2651, attached herewith. Please confirm the availability of the listed items and expected shipment details.

Thank you.
[Your Name]",PO
"Hi [Vendor],

This email includes our purchase order (1# 6097) for your reference. Kindly confirm acceptance and update us with the shipping details.

Looking forward to your confirmation.
Best regards,
[Your Name]",PO
"Hi [Sales Team],

Please process the attached purchase order (1# 8928) for the items and quantities specified. Let us know if you need further details.

Best regards,
[Your Name]",PO
"Hi [Sales Team],

Please process the attached purchase order (1# 7815) for the items and quantities specified. Let us know if you need further details.

Best regards,
[Your Name]",PO
"Dear [Supplier],

We would like to proceed with an order as per 1# 9261, attached herewith. Please confirm the availability of the listed items and expected shipment details.

Thank you.
[Your Name]",PO
"Hi [Vendor],

This email includes our purchase order (1# 2030) for your reference. Kindly confirm acceptance and update us with the shipping details.

Looking forward to your confirmation.
Best regards,
[Your Name]",PO
"Hi [Vendor],

This email includes our purchase order (1# 2679) for your reference. Kindly confirm acceptance and update us with the shipping details.

Looking forward to your confirmation.
Best regards,
[Your Name]",PO
"Hello [Vendor],

We are placing an order for the following items as outlined in the attached purchase order (1# 2207). Kindly confirm receipt and share a delivery timeline.

Thank you.
[Your Name]",PO
"Dear [Supplier],

We would like to proceed with an order as per 1# 2738, attached herewith. Please confirm the availability of the listed items and expected shipment details.

Thank you.
[Your Name]",PO
"Hello [Vendor],

We are placing an order for the following items as outlined in the attached purchase order (1# 8990). Kindly confirm receipt and share a delivery timeline.

Thank you.
[Your Name]",PO
"Hi [Sales Team],

Please process the attached purchase order (1# 1776) for the items and quantities specified. Let us know if you need further details.

Best regards,
[Your Name]",PO
"To Whom It May Concern,

Attached you will find our official purchase order (1# 3416). Kindly acknowledge receipt and confirm the expected delivery timeline.

Regards,
[Your Name]",PO
"Dear [Supplier],

We would like to proceed with an order as per 1# 4022, attached herewith. Please confirm the availability of the listed items and expected shipment details.

Thank you.
[Your Name]",PO
"Dear [Supplier],

We would like to proceed with an order as per 1# 3299, attached herewith. Please confirm the availability of the listed items and expected shipment details.

Thank you.
[Your Name]",PO
"Dear [Supplier],

We would like to proceed with an order as per 1# 6190, attached herewith. Please confirm the availability of the listed items and expected shipment details.

Thank you.
[Your Name]",PO
"Hi [Sales Team],

Please process the attached purchase order (1# 9682) for the items and quantities specified. Let us know if you need further details.

Best regards,
[Your Name]",PO
"Hi [Vendor],

This email includes our purchase order (1# 4830) for your reference. Kindly confirm acceptance and update us with the shipping details.

Looking forward to your confirmation.
Best regards,
[Your Name]",PO
"Hi [Vendor],

This email includes our purchase order (1# 9616) for your reference. Kindly confirm acceptance and update us with the shipping details.

Looking forward to your confirmation.
Best regards,
[Your Name]",PO
"To Whom It May Concern,

Attached you will find our official purchase order (1# 3269). Kindly acknowledge receipt and confirm the expected delivery timeline.

Regards,
[Your Name]",PO
"Hi [Sales Team],

Please process the attached purchase order (1# 7483) for the items and quantities specified. Let us know if you need further details.

Best regards,
[Your Name]",PO
"Hi [Sales Team],

Please process the attached purchase order (1# 9225) for the items and quantities specified. Let us know if you need further details.

Best regards,
[Your Name]",PO
"To Whom It May Concern,

Attached you will find our official purchase order (1# 7924). Kindly acknowledge receipt and confirm the expected delivery timeline.

Regards,
[Your Name]",PO
"Hello [Vendor],

We are placing an order for the following items as outlined in the attached purchase order (1# 6362). Kindly confirm receipt and share a delivery timeline.

Thank you.
[Your Name]",PO
"Hello [Vendor],

We are placing an order for the following items as outlined in the attached purchase order (1# 6745). Kindly confirm receipt and share a delivery timeline.

Thank you.
[Your Name]",PO
"Hello [Vendor],

We are placing an order for the following items as outlined in the attached purchase order (1# 3907). Kindly confirm receipt and share a delivery timeline.

Thank you.
[Your Name]",PO
"To Whom It May Concern,

Attached you will find our official purchase order (1# 5632). Kindly acknowledge receipt and confirm the expected delivery timeline.

Regards,
[Your Name]",PO
"Dear [Supplier],

Attached is our purchase order (1# 4357) for the items listed below. Please confirm receipt and provide a delivery schedule at your earliest convenience.

Best regards,
[Your Name]",PO
"To Whom It May Concern,

Attached you will find our official purchase order (1# 3011). Kindly acknowledge receipt and confirm the expected delivery timeline.

Regards,
[Your Name]",PO
"To Whom It May Concern,

Attached you will find our official purchase order (1# 7279). Kindly acknowledge receipt and confirm the expected delivery timeline.

Regards,
[Your Name]",PO
"To Whom It May Concern,

Attached you will find our official purchase order (1# 8625). Kindly acknowledge receipt and confirm the expected delivery timeline.

Regards,
[Your Name]",PO
"To Whom It May Concern,

Attached you will find our official purchase order (1# 1976). Kindly acknowledge receipt and confirm the expected delivery timeline.

Regards,
[Your Name]",PO
"To Whom It May Concern,

Attached you will find our official purchase order (1# 5723). Kindly acknowledge receipt and confirm the expected delivery timeline.

Regards,
[Your Name]",PO
"Hello [Vendor],

We are placing an order for the following items as outlined in the attached purchase order (1# 8374). Kindly confirm receipt and share a delivery timeline.

Thank you.
[Your Name]",PO
"Hi [Vendor],

This email includes our purchase order (1# 5559) for your reference. Kindly confirm acceptance and update us with the shipping details.

Looking forward to your confirmation.
Best regards,
[Your Name]",PO
"Dear [Supplier],

We would like to proceed with an order as per 1# 5264, attached herewith. Please confirm the availability of the listed items and expected shipment details.

Thank you.
[Your Name]",PO
"Hi [Vendor],

This email includes our purchase order (1# 5406) for your reference. Kindly confirm acceptance and update us with the shipping details.

Looking forward to your confirmation.
Best regards,
[Your Name]",PO
"To Whom It May Concern,

Attached you will find our official purchase order (1# 4937). Kindly acknowledge receipt and confirm the expected delivery timeline.

Regards,
[Your Name]",PO
"To Whom It May Concern,

Attached you will find our official purchase order (1# 4343). Kindly acknowledge receipt and confirm the expected delivery timeline.

Regards,
[Your Name]",PO
"Dear [Supplier],

Attached is our purchase order (1# 6222) for the items listed below. Please confirm receipt and provide a delivery schedule at your earliest convenience.

Best regards,
[Your Name]",PO
"To Whom It May Concern,

Attached you will find our official purchase order (1# 9636). Kindly acknowledge receipt and confirm the expected delivery timeline.

Regards,
[Your Name]",PO
"Hi [Vendor],

This email includes our purchase order (1# 4802) for your reference. Kindly confirm acceptance and update us with the shipping details.

Looking forward to your confirmation.
Best regards,
[Your Name]",PO
"Hi [Sales Team],

Please process the attached purchase order (1# 3232) for the items and quantities specified. Let us know if you need further details.

Best regards,
[Your Name]",PO
"Hi [Vendor],

This email includes our purchase order (1# 5546) for your reference. Kindly confirm acceptance and update us with the shipping details.

Looking forward to your confirmation.
Best regards,
[Your Name]",PO
"Hello [Vendor],

We are placing an order for the following items as outlined in the attached purchase order (1# 3994). Kindly confirm receipt and share a delivery timeline.

Thank you.
[Your Name]",PO
"Dear [Supplier],

Attached is our purchase order (1# 3301) for the items listed below. Please confirm receipt and provide a delivery schedule at your earliest convenience.

Best regards,
[Your Name]",PO
"Hello [Sup1rt],

We have received your invoice but need clarification on certain charges. Could you assist?

Thanks,
[Your Name]",Non-PO
"Hi [Team],

Could you send the updated product catalog? We're considering options for a future purchase.

Best,
[Your Name]",Non-PO
"Hello [Customer Service],

Can you clarify the warranty details for Product XYZ? We're evaluating it for bulk purchase.

Thanks,
[Your Name]",Non-PO
"Hi [Team],

Could you send the updated product catalog? We're considering options for a future purchase.

Best,
[Your Name]",Non-PO
"Hi [Team],

Could you send the updated product catalog? We're considering options for a future purchase.

Best,
[Your Name]",Non-PO
"Hello [Sup1rt],

We have received your invoice but need clarification on certain charges. Could you assist?

Thanks,
[Your Name]",Non-PO
"Hi [Team],

Could you send the updated product catalog? We're considering options for a future purchase.

Best,
[Your Name]",Non-PO
"Hello [Sup1rt],

We have received your invoice but need clarification on certain charges. Could you assist?

Thanks,
[Your Name]",Non-PO
"Dear [Supplier],

Could you provide the estimated cost and lead time for 100 units of Item ABC?

Best regards,
[Your Name]",Non-PO
"Dear [Supplier],

We're planning a procurement of industrial tools. Could you suggest options suitable for high-load operations?

Regards,
[Your Name]",Non-PO
"Hello [Sup1rt],

We have received your invoice but need clarification on certain charges. Could you assist?

Thanks,
[Your Name]",Non-PO
"Hi [Team],

Could you send the updated product catalog? We're considering options for a future purchase.

Best,
[Your Name]",Non-PO
"Dear [Supplier],

We're planning a procurement of industrial tools. Could you suggest options suitable for high-load operations?

Regards,
[Your Name]",Non-PO
"Hi [Sales Team],

Please share your latest pricing list. We're interested in Item X and Item Y.

Best,
[Your Name]",Non-PO
"Hi [Sales Team],

Please share your latest pricing list. We're interested in Item X and Item Y.

Best,
[Your Name]",Non-PO
"Hi [Sales Team],

Please share your latest pricing list. We're interested in Item X and Item Y.

Best,
[Your Name]",Non-PO
"Hello [Sup1rt],

We have received your invoice but need clarification on certain charges. Could you assist?

Thanks,
[Your Name]",Non-PO
"Hello [Sup1rt],

We have received your invoice but need clarification on certain charges. Could you assist?

Thanks,
[Your Name]",Non-PO
"Hello [Customer Service],

Can you clarify the warranty details for Product XYZ? We're evaluating it for bulk purchase.

Thanks,
[Your Name]",Non-PO
"Hi [Sales Team],

Please share your latest pricing list. We're interested in Item X and Item Y.

Best,
[Your Name]",Non-PO
"Dear [Supplier],

We're planning a procurement of industrial tools. Could you suggest options suitable for high-load operations?

Regards,
[Your Name]",Non-PO
"Hi [Sales Team],

Please share your latest pricing list. We're interested in Item X and Item Y.

Best,
[Your Name]",Non-PO
"Hi [Sales Team],

Please share your latest pricing list. We're interested in Item X and Item Y.

Best,
[Your Name]",Non-PO
"Hi [Sales Team],

Please share your latest pricing list. We're interested in Item X and Item Y.

Best,
[Your Name]",Non-PO
"Hello [Sup1rt],

We have received your invoice but need clarification on certain charges. Could you assist?

Thanks,
[Your Name]",Non-PO
"Dear [Supplier],

We're planning a procurement of industrial tools. Could you suggest options suitable for high-load operations?

Regards,
[Your Name]",Non-PO
"Hello [Sup1rt],

We have received your invoice but need clarification on certain charges. Could you assist?

Thanks,
[Your Name]",Non-PO
"Hi [Team],

Could you send the updated product catalog? We're considering options for a future purchase.

Best,
[Your Name]",Non-PO
"Hello [Sup1rt],

We have received your invoice but need clarification on certain charges. Could you assist?

Thanks,
[Your Name]",Non-PO
"Hello [Sup1rt],

We have received your invoice but need clarification on certain charges. Could you assist?

Thanks,
[Your Name]",Non-PO
"Dear [Supplier],

We're planning a procurement of industrial tools. Could you suggest options suitable for high-load operations?

Regards,
[Your Name]",Non-PO
"Hello [Sup1rt],

We have received your invoice but need clarification on certain charges. Could you assist?

Thanks,
[Your Name]",Non-PO
"Hi [Team],

Could you send the updated product catalog? We're considering options for a future purchase.

Best,
[Your Name]",Non-PO
"Hello [Sup1rt],

We have received your invoice but need clarification on certain charges. Could you assist?

Thanks,
[Your Name]",Non-PO
"Dear [Supplier],

We're planning a procurement of industrial tools. Could you suggest options suitable for high-load operations?

Regards,
[Your Name]",Non-PO
"Hello [Customer Service],

Can you clarify the warranty details for Product XYZ? We're evaluating it for bulk purchase.

Thanks,
[Your Name]",Non-PO
"Hello [Sup1rt],

We have received your invoice but need clarification on certain charges. Could you assist?

Thanks,
[Your Name]",Non-PO
"Hi [Team],

Could you send the updated product catalog? We're considering options for a future purchase.

Best,
[Your Name]",Non-PO
"Dear [Supplier],

Could you provide the estimated cost and lead time for 100 units of Item ABC?

Best regards,
[Your Name]",Non-PO
"Dear [Supplier],

We're planning a procurement of industrial tools. Could you suggest options suitable for high-load operations?

Regards,
[Your Name]",Non-PO
,
"Dear [Supplier],

Please find attached our purchase order (1# 1000) for your review. Kindly confirm receipt and provide an estimated delivery date.

Best regards,
[Your Name]",PO
"Dear [Supplier],

Please find attached our purchase order (1# 1001) for your review. Kindly confirm receipt and provide an estimated delivery date.

Best regards,
[Your Name]",PO
"Dear [Supplier],

Please find attached our purchase order (1# 1002) for your review. Kindly confirm receipt and provide an estimated delivery date.

Best regards,
[Your Name]",PO
"Dear [Supplier],

Please find attached our purchase order (1# 1003) for your review. Kindly confirm receipt and provide an estimated delivery date.

Best regards,
[Your Name]",PO
"Dear [Supplier],

Please find attached our purchase order (1# 1004) for your review. Kindly confirm receipt and provide an estimated delivery date.

Best regards,
[Your Name]",PO
"Dear [Supplier],

Please find attached our purchase order (1# 1005) for your review. Kindly confirm receipt and provide an estimated delivery date.

Best regards,
[Your Name]",PO
"Dear [Supplier],

Please find attached our purchase order (1# 1006) for your review. Kindly confirm receipt and provide an estimated delivery date.

Best regards,
[Your Name]",PO
"Dear [Supplier],

Please find attached our purchase order (1# 1007) for your review. Kindly confirm receipt and provide an estimated delivery date.

Best regards,
[Your Name]",PO
"Dear [Supplier],

Please find attached our purchase order (1# 1008) for your review. Kindly confirm receipt and provide an estimated delivery date.

Best regards,
[Your Name]",PO
"Dear [Supplier],

Please find attached our purchase order (1# 1009) for your review. Kindly confirm receipt and provide an estimated delivery date.

Best regards,
[Your Name]",PO
"Dear [Supplier],

Please find attached our purchase order (1# 1010) for your review. Kindly confirm receipt and provide an estimated delivery date.

Best regards,
[Your Name]",PO
"Dear [Supplier],

Please find attached our purchase order (1# 1011) for your review. Kindly confirm receipt and provide an estimated delivery date.

Best regards,
[Your Name]",PO
"Dear [Supplier],

Please find attached our purchase order (1# 1012) for your review. Kindly confirm receipt and provide an estimated delivery date.

Best regards,
[Your Name]",PO
"Dear [Supplier],

Please find attached our purchase order (1# 1013) for your review. Kindly confirm receipt and provide an estimated delivery date.

Best regards,
[Your Name]",PO
"Dear [Supplier],

Please find attached our purchase order (1# 1014) for your review. Kindly confirm receipt and provide an estimated delivery date.

Best regards,
[Your Name]",PO
"Dear [Supplier],

Please find attached our purchase order (1# 1015) for your review. Kindly confirm receipt and provide an estimated delivery date.

Best regards,
[Your Name]",PO
"Dear [Supplier],

Please find attached our purchase order (1# 1016) for your review. Kindly confirm receipt and provide an estimated delivery date.

Best regards,
[Your Name]",PO
"Dear [Supplier],

Please find attached our purchase order (1# 1017) for your review. Kindly confirm receipt and provide an estimated delivery date.

Best regards,
[Your Name]",PO
"Dear [Supplier],

Please find attached our purchase order (1# 1018) for your review. Kindly confirm receipt and provide an estimated delivery date.

Best regards,
[Your Name]",PO
"Dear [Supplier],

Please find attached our purchase order (1# 1019) for your review. Kindly confirm receipt and provide an estimated delivery date.

Best regards,
[Your Name]",PO
"Dear [Supplier],

Please find attached our purchase order (1# 1020) for your review. Kindly confirm receipt and provide an estimated delivery date.

Best regards,
[Your Name]",PO
"Dear [Supplier],

Please find attached our purchase order (1# 1021) for your review. Kindly confirm receipt and provide an estimated delivery date.

Best regards,
[Your Name]",PO
"Dear [Supplier],

Please find attached our purchase order (1# 1022) for your review. Kindly confirm receipt and provide an estimated delivery date.

Best regards,
[Your Name]",PO
"Dear [Supplier],

Please find attached our purchase order (1# 1023) for your review. Kindly confirm receipt and provide an estimated delivery date.

Best regards,
[Your Name]",PO
"Dear [Supplier],

Please find attached our purchase order (1# 1024) for your review. Kindly confirm receipt and provide an estimated delivery date.

Best regards,
[Your Name]",PO
"Dear [Supplier],

Please find attached our purchase order (1# 1025) for your review. Kindly confirm receipt and provide an estimated delivery date.

Best regards,
[Your Name]",PO
"Dear [Supplier],

Please find attached our purchase order (1# 1026) for your review. Kindly confirm receipt and provide an estimated delivery date.

Best regards,
[Your Name]",PO
"Dear [Supplier],

Please find attached our purchase order (1# 1027) for your review. Kindly confirm receipt and provide an estimated delivery date.

Best regards,
[Your Name]",PO
"Dear [Supplier],

Please find attached our purchase order (1# 1028) for your review. Kindly confirm receipt and provide an estimated delivery date.

Best regards,
[Your Name]",PO
"Dear [Supplier],

Please find attached our purchase order (1# 1029) for your review. Kindly confirm receipt and provide an estimated delivery date.

Best regards,
[Your Name]",PO
"Hello [Supplier],

We would like to place an order as per the purchase order details provided below. Please confirm receipt and delivery schedule.

1 Number: 2000
Items: ItemA - 10 units, ItemB - 15 units

Thank you.
[Your Name]",PO
"Hello [Supplier],

We would like to place an order as per the purchase order details provided below. Please confirm receipt and delivery schedule.

1 Number: 2001
Items: ItemA - 10 units, ItemB - 15 units

Thank you.
[Your Name]",PO
"Hello [Supplier],

We would like to place an order as per the purchase order details provided below. Please confirm receipt and delivery schedule.

1 Number: 2002
Items: ItemA - 10 units, ItemB - 15 units

Thank you.
[Your Name]",PO
"Hello [Supplier],

We would like to place an order as per the purchase order details provided below. Please confirm receipt and delivery schedule.

1 Number: 2003
Items: ItemA - 10 units, ItemB - 15 units

Thank you.
[Your Name]",PO
"Hello [Supplier],

We would like to place an order as per the purchase order details provided below. Please confirm receipt and delivery schedule.

1 Number: 2004
Items: ItemA - 10 units, ItemB - 15 units

Thank you.
[Your Name]",PO
"Hello [Supplier],

We would like to place an order as per the purchase order details provided below. Please confirm receipt and delivery schedule.

1 Number: 2005
Items: ItemA - 10 units, ItemB - 15 units

Thank you.
[Your Name]",PO
"Hello [Supplier],

We would like to place an order as per the purchase order details provided below. Please confirm receipt and delivery schedule.

1 Number: 2006
Items: ItemA - 10 units, ItemB - 15 units

Thank you.
[Your Name]",PO
"Hello [Supplier],

We would like to place an order as per the purchase order details provided below. Please confirm receipt and delivery schedule.

1 Number: 2007
Items: ItemA - 10 units, ItemB - 15 units

Thank you.
[Your Name]",PO
"Hello [Supplier],

We would like to place an order as per the purchase order details provided below. Please confirm receipt and delivery schedule.

1 Number: 2008
Items: ItemA - 10 units, ItemB - 15 units

Thank you.
[Your Name]",PO
"Hello [Supplier],

We would like to place an order as per the purchase order details provided below. Please confirm receipt and delivery schedule.

1 Number: 2009
Items: ItemA - 10 units, ItemB - 15 units

Thank you.
[Your Name]",PO
"Hello [Supplier],

We would like to place an order as per the purchase order details provided below. Please confirm receipt and delivery schedule.

1 Number: 2010
Items: ItemA - 10 units, ItemB - 15 units

Thank you.
[Your Name]",PO
"Hello [Supplier],

We would like to place an order as per the purchase order details provided below. Please confirm receipt and delivery schedule.

1 Number: 2011
Items: ItemA - 10 units, ItemB - 15 units

Thank you.
[Your Name]",PO
"Hello [Supplier],

We would like to place an order as per the purchase order details provided below. Please confirm receipt and delivery schedule.

1 Number: 2012
Items: ItemA - 10 units, ItemB - 15 units

Thank you.
[Your Name]",PO
"Hello [Supplier],

We would like to place an order as per the purchase order details provided below. Please confirm receipt and delivery schedule.

1 Number: 2013
Items: ItemA - 10 units, ItemB - 15 units

Thank you.
[Your Name]",PO
"Hello [Supplier],

We would like to place an order as per the purchase order details provided below. Please confirm receipt and delivery schedule.

1 Number: 2014
Items: ItemA - 10 units, ItemB - 15 units

Thank you.
[Your Name]",PO
"Hello [Supplier],

We would like to place an order as per the purchase order details provided below. Please confirm receipt and delivery schedule.

1 Number: 2015
Items: ItemA - 10 units, ItemB - 15 units

Thank you.
[Your Name]",PO
"Hello [Supplier],

We would like to place an order as per the purchase order details provided below. Please confirm receipt and delivery schedule.

1 Number: 2016
Items: ItemA - 10 units, ItemB - 15 units

Thank you.
[Your Name]",PO
"Hello [Supplier],

We would like to place an order as per the purchase order details provided below. Please confirm receipt and delivery schedule.

1 Number: 2017
Items: ItemA - 10 units, ItemB - 15 units

Thank you.
[Your Name]",PO
"Hello [Supplier],

We would like to place an order as per the purchase order details provided below. Please confirm receipt and delivery schedule.

1 Number: 2018
Items: ItemA - 10 units, ItemB - 15 units

Thank you.
[Your Name]",PO
"Hello [Supplier],

We would like to place an order as per the purchase order details provided below. Please confirm receipt and delivery schedule.

1 Number: 2019
Items: ItemA - 10 units, ItemB - 15 units

Thank you.
[Your Name]",PO
"Hello [Supplier],

We would like to place an order as per the purchase order details provided below. Please confirm receipt and delivery schedule.

1 Number: 2020
Items: ItemA - 10 units, ItemB - 15 units

Thank you.
[Your Name]",PO
"Hello [Supplier],

We would like to place an order as per the purchase order details provided below. Please confirm receipt and delivery schedule.

1 Number: 2021
Items: ItemA - 10 units, ItemB - 15 units

Thank you.
[Your Name]",PO
"Hello [Supplier],

We would like to place an order as per the purchase order details provided below. Please confirm receipt and delivery schedule.

1 Number: 2022
Items: ItemA - 10 units, ItemB - 15 units

Thank you.
[Your Name]",PO
"Hello [Supplier],

We would like to place an order as per the purchase order details provided below. Please confirm receipt and delivery schedule.

1 Number: 2023
Items: ItemA - 10 units, ItemB - 15 units

Thank you.
[Your Name]",PO
"Hello [Supplier],

We would like to place an order as per the purchase order details provided below. Please confirm receipt and delivery schedule.

1 Number: 2024
Items: ItemA - 10 units, ItemB - 15 units

Thank you.
[Your Name]",PO
"Hello [Supplier],

We would like to place an order as per the purchase order details provided below. Please confirm receipt and delivery schedule.

1 Number: 2025
Items: ItemA - 10 units, ItemB - 15 units

Thank you.
[Your Name]",PO
"Hello [Supplier],

We would like to place an order as per the purchase order details provided below. Please confirm receipt and delivery schedule.

1 Number: 2026
Items: ItemA - 10 units, ItemB - 15 units

Thank you.
[Your Name]",PO
"Hello [Supplier],

We would like to place an order as per the purchase order details provided below. Please confirm receipt and delivery schedule.

1 Number: 2027
Items: ItemA - 10 units, ItemB - 15 units

Thank you.
[Your Name]",PO
"Hello [Supplier],

We would like to place an order as per the purchase order details provided below. Please confirm receipt and delivery schedule.

1 Number: 2028
Items: ItemA - 10 units, ItemB - 15 units

Thank you.
[Your Name]",PO
"Hello [Supplier],

We would like to place an order as per the purchase order details provided below. Please confirm receipt and delivery schedule.

1 Number: 2029
Items: ItemA - 10 units, ItemB - 15 units

Thank you.
[Your Name]",PO
"Hi [Team],

Could you please send us the updated product catalog? We are planning to make purchases soon.

Best regards,
[Your Name]",Non-PO
"Hi [Team],

Could you please send us the updated product catalog? We are planning to make purchases soon.

Best regards,
[Your Name]",Non-PO
"Hi [Team],

Could you please send us the updated product catalog? We are planning to make purchases soon.

Best regards,
[Your Name]",Non-PO
"Hi [Team],

Could you please send us the updated product catalog? We are planning to make purchases soon.

Best regards,
[Your Name]",Non-PO
"Hi [Team],

Could you please send us the updated product catalog? We are planning to make purchases soon.

Best regards,
[Your Name]",Non-PO
"Hi [Team],

Could you please send us the updated product catalog? We are planning to make purchases soon.

Best regards,
[Your Name]",Non-PO
"Hi [Team],

Could you please send us the updated product catalog? We are planning to make purchases soon.

Best regards,
[Your Name]",Non-PO
"Hi [Team],

Could you please send us the updated product catalog? We are planning to make purchases soon.

Best regards,
[Your Name]",Non-PO
"Hi [Team],

Could you please send us the updated product catalog? We are planning to make purchases soon.

Best regards,
[Your Name]",Non-PO
"Hi [Team],

Could you please send us the updated product catalog? We are planning to make purchases soon.

Best regards,
[Your Name]",Non-PO
"Hi [Team],

Could you please send us the updated product catalog? We are planning to make purchases soon.

Best regards,
[Your Name]",Non-PO
"Hi [Team],

Could you please send us the updated product catalog? We are planning to make purchases soon.

Best regards,
[Your Name]",Non-PO
"Hi [Team],

Could you please send us the updated product catalog? We are planning to make purchases soon.

Best regards,
[Your Name]",Non-PO
"Hi [Team],

Could you please send us the updated product catalog? We are planning to make purchases soon.

Best regards,
[Your Name]",Non-PO
"Hi [Team],

Could you please send us the updated product catalog? We are planning to make purchases soon.

Best regards,
[Your Name]",Non-PO
"Hi [Team],

Could you please send us the updated product catalog? We are planning to make purchases soon.

Best regards,
[Your Name]",Non-PO
"Hi [Team],

Could you please send us the updated product catalog? We are planning to make purchases soon.

Best regards,
[Your Name]",Non-PO
"Hi [Team],

Could you please send us the updated product catalog? We are planning to make purchases soon.

Best regards,
[Your Name]",Non-PO
"Hi [Team],

Could you please send us the updated product catalog? We are planning to make purchases soon.

Best regards,
[Your Name]",Non-PO
"Hi [Team],

Could you please send us the updated product catalog? We are planning to make purchases soon.

Best regards,
[Your Name]",Non-PO
"Hello [Customer],

Thank you for your inquiry. We have shared the required details about our product range. Please let us know if you have any further questions.

Regards,
[Your Name]",Non-PO
"Hello [Customer],

Thank you for your inquiry. We have shared the required details about our product range. Please let us know if you have any further questions.

Regards,
[Your Name]",Non-PO
"Hello [Customer],

Thank you for your inquiry. We have shared the required details about our product range. Please let us know if you have any further questions.

Regards,
[Your Name]",Non-PO
"Hello [Customer],

Thank you for your inquiry. We have shared the required details about our product range. Please let us know if you have any further questions.

Regards,
[Your Name]",Non-PO
"Hello [Customer],

Thank you for your inquiry. We have shared the required details about our product range. Please let us know if you have any further questions.

Regards,
[Your Name]",Non-PO
"Hello [Customer],

Thank you for your inquiry. We have shared the required details about our product range. Please let us know if you have any further questions.

Regards,
[Your Name]",Non-PO
"Hello [Customer],

Thank you for your inquiry. We have shared the required details about our product range. Please let us know if you have any further questions.

Regards,
[Your Name]",Non-PO
"Hello [Customer],

Thank you for your inquiry. We have shared the required details about our product range. Please let us know if you have any further questions.

Regards,
[Your Name]",Non-PO
"Hello [Customer],

Thank you for your inquiry. We have shared the required details about our product range. Please let us know if you have any further questions.

Regards,
[Your Name]",Non-PO
"Hello [Customer],

Thank you for your inquiry. We have shared the required details about our product range. Please let us know if you have any further questions.

Regards,
[Your Name]",Non-PO
"Hello [Customer],

Thank you for your inquiry. We have shared the required details about our product range. Please let us know if you have any further questions.

Regards,
[Your Name]",Non-PO
"Hello [Customer],

Thank you for your inquiry. We have shared the required details about our product range. Please let us know if you have any further questions.

Regards,
[Your Name]",Non-PO
"Hello [Customer],

Thank you for your inquiry. We have shared the required details about our product range. Please let us know if you have any further questions.

Regards,
[Your Name]",Non-PO
"Hello [Customer],

Thank you for your inquiry. We have shared the required details about our product range. Please let us know if you have any further questions.

Regards,
[Your Name]",Non-PO
"Hello [Customer],

Thank you for your inquiry. We have shared the required details about our product range. Please let us know if you have any further questions.

Regards,
[Your Name]",Non-PO
"Hello [Customer],

Thank you for your inquiry. We have shared the required details about our product range. Please let us know if you have any further questions.

Regards,
[Your Name]",Non-PO
"Hello [Customer],

Thank you for your inquiry. We have shared the required details about our product range. Please let us know if you have any further questions.

Regards,
[Your Name]",Non-PO
"Hello [Customer],

Thank you for your inquiry. We have shared the required details about our product range. Please let us know if you have any further questions.

Regards,
[Your Name]",Non-PO
"Hello [Customer],

Thank you for your inquiry. We have shared the required details about our product range. Please let us know if you have any further questions.

Regards,
[Your Name]",Non-PO
"Hello [Customer],

Thank you for your inquiry. We have shared the required details about our product range. Please let us know if you have any further questions.

Regards,
[Your Name]",Non-PO
